Country,Year,Population,Population of children under the age of 1,Population of children under the age of 5,Population of children under the age of 15,Population under the age of 25,Population aged 15 to 64 years,Population older than 15 years,Population older than 18 years,Population at age 1,Population aged 1 to 4 years,Population aged 5 to 9 years,Population aged 10 to 14 years,Population aged 15 to 19 years,Population aged 20 to 29 years,Population aged 30 to 39 years,Population aged 40 to 49 years,Population aged 50 to 59 years,Population aged 60 to 69 years,Population aged 70 to 79 years,Population aged 80 to 89 years,Population aged 90 to 99 years,Population older than 100 years
Afghanistan,2018,36686788,1290266.0,6147355,16402093,24377892,19401608,20284670,17596500,1252219.0,4857089.0,5334330,4920408,4343114,6468908,3881454,2608343,1586312,883719,416827,91481,4513,23.0
Africa (UN),2018,1295265000,41705100.0,198599410,529770340,776965900,721535740,765482700,683666370,40450124.0,156894300.0,177108220,154062690,132299900,216436430,164513140,110301350,73054320,43190732,19791832,5390368,504595,12040.0
Albania,2018,2877019,29625.0,156677,491484,941856,1958287,2385330,2263462,30142.0,127052.0,160919,173888,210667,474297,357749,342580,397162,316169,196515,79826,10365,205.0
Algeria,2018,41927010,995429.0,4890948,12665336,18717688,26884240,29261328,27515180,994476.0,3895519.0,4326334,3448054,2873246,6729980,7098195,5277212,3625399,2235433,1010564,378233,33065,343.0
American Samoa,2018,48445,893.0,4696,14328,22879,31308,34117,31530,924.0,3803.0,4942,4690,4204,8429,5329,5959,5522,3173,1188,286,27,0.0
Andorra,2018,75034,295.0,2679,10576,18737,54314,64423,62031,501.99997,2384.0,3921,3976,4100,8536,11198,13953,12265,7491,4300,2047,533,35.0
Angola,2018,31273538,1194189.0,5577905,14243826,20085898,16229252,17029524,15055130,1146691.0,4383716.0,4749463,3916458,3163840,5029099,3631375,2346777,1556837,836778,365295,93489,6035,187.0
Anguilla,2018,15201,154.0,828,2874,4623,10966,12327,11809,159.0,674.0,1072,974,854,2033,2885,2426,2029,1304,577,197,22,0.0
Antigua and Barbuda,2018,91644,1027.0,5376,18119,32361,65189,73513,69438,1058.0,4349.0,6324,6419,6834,14646,13702,13383,12383,7394,3508,1379,284,12.0
Argentina,2018,44413590,687918.0,3617963,10745049,17753952,28578854,33659900,31576034,716460.0,2930045.0,3621698,3505388,3484329,6969468,6440309,5489241,4312405,3496914,2235799,1000186,231249,8642.0
Armenia,2018,2836563,38045.0,205538,573502,933012,1933721,2262993,2167068,39755.0,167493.0,198271,169693,162784,466820,441734,306851,381579,294912,123889,75483,8941,68.0
Aruba,2018,105980,1055.0,5664,19150,31568,72402,86829,82780,1093.0,4609.0,6501,6985,6468,12419,13291,15224,17487,13309,6483,2016,132,1.0
Asia (UN),2018,4590021600,73443680.0,373756770,1116453500,1835408400,3081989600,3473335800,3256503800,74910750.0,300313100.0,377517500,365179170,359949250,735087170,690852800,610835700,491907550,344238300,166610350,64783040,9071550,232309.0
Australia,2018,24979228,304065.0,1572592,4691137,7921410,16374139,20283788,19416370,310654.0,1268527.0,1603694,1514851,1491091,3617540,3584780,3262591,3058389,2567947,1715769,797761,187919,4303.0
Austria,2018,8840518,85326.0,433600,1275900,2255700,5906971,7563639,7304721,88852.0,348274.0,419611,422689,442751,1140829,1195143,1223606,1371240,980509,771712,357526,80323,979.0
Azerbaijan,2018,10152524,142939.0,842624,2492127,3935303,7052229,7660352,7274786,156590.0,699685.0,897562,751941,654064,1722537,1695704,1282102,1269807,685866,231205,111270,7797,45.0
Bahamas,2018,401911,4617.0,24388,85885,153974,285176,315987,295925,4713.0,19771.0,28590,32907,33589,67457,58967,59004,49601,27657,13757,5129,826,39.0
Bahrain,2018,1487346,20821.0,106306,296416,485805,1149269,1190924,1143546,20782.0,85485.0,100852,89258,78592,294620,383056,227290,130836,53806,16450,5686,588,6.0
Bangladesh,2018,163683950,2935657.0,14634727,46111200,78434450,108985070,117572296,107403940,2922360.0,11699070.0,14995933,16480542,16777320,29981008,24970932,19117000,13211105,8360486,3867977,1182914,103555,456.0
Barbados,2018,279702,3023.0,15230,49960,86872,190148,229728,218364,3025.0,12207.0,16644,18086,18960,37010,37342,39013,40014,31633,17654,7212,890,14.0
Belarus,2018,9695573,97647.0,561362,1626810,2572945,6533884,8068074,7782841,107695.0,463715.0,566658,498790,472446,1131478,1555525,1327828,1362833,1217767,604019,345249,50929,689.0
Belgium,2018,11448598,119047.0,619435,1938049,3245446,7360092,9509018,9133449,121669.0,500388.0,668376,650238,632523,1423031,1489969,1514796,1595657,1318279,892879,532062,109822,1531.0
Belize,2018,382076,7896.0,38809,114409,191488,250266,267664,244045,7797.0,30913.0,37076,38524,39356,72837,56930,42337,29232,16362,7363,2873,374,3.0
Benin,2018,11940688,431239.0,2001020,5128753,7454837,6443463,6811901,6045552,414344.0,1569781.0,1672940,1454793,1240739,2001651,1415679,949249,630092,351783,174959,44352,3397,34.0
Bermuda,2018,63591,544.0,2981,9478,15770,42804,54103,52163,596.0,2437.0,3254,3243,3248,6176,8536,9640,10542,8366,4847,2318,430,10.0
Bhutan,2018,762104,10650.0,57171,191178,340375,525959,570916,527286,11159.0,46521.0,64725,69282,72542,159726,131165,83324,57324,37934,20113,7808,980,10.0
Bolivia,2018,11606906,256139.0,1269306,3719626,5964468,7312942,7887223,7192583,254486.0,1013167.0,1246729,1203591,1151001,2120275,1663930,1219154,857187,526245,270826,72809,5796,57.0
Bonaire Sint Eustatius and Saba,2018,24995,284.0,1415,4334,7012,17608,20661,19890,283.0,1131.0,1477,1442,1249,3267,3802,3629,4168,2666,1365,464,51,0.0
Bosnia and Herzegovina,2018,3400132,31397.0,161336,508609,911178,2324767,2891231,2783368,32069.0,129939.0,174380,172893,186137,436410,485609,468866,508568,441430,234271,116570,13370,292.0
Botswana,2018,2451411,59996.0,292902,824130,1275273,1544214,1627256,1487033,59156.0,232906.0,277219,254009,229703,443643,407767,255532,156223,86348,35337,11356,1347,25.0
Brazil,2018,210166600,2926629.0,14642035,45059350,78837420,146810990,165105420,155294640,2889535.0,11715406.0,14863827,15553489,16609541,34339680,34584410,28590048,23671802,15997673,8214316,2863581,234374,1819.0
British Virgin Islands,2018,30359,208.0,1284,5231,9291,22625,25128,23924,223.0,1076.0,1722,2225,2037,4043,5173,5377,4477,2574,1133,267,47,0.0
Brunei,2018,434283,6555.0,33965,100886,170180,312400,333394,312514,6689.0,27410.0,33939,32982,34854,70801,77878,66358,47319,24735,8514,2657,278,3.0
Bulgaria,2018,7117424,63001.0,327260,1003300,1638753,4578934,6113687,5924273,64295.0,264259.0,349034,327006,319196,750344,983576,1069495,959788,970539,687081,333824,39844,437.0
Burkina Faso,2018,20392730,723704.0,3467806,9174952,13159602,10694928,11217778,9871696,704249.0,2744102.0,3086937,2620209,2167939,3351001,2417883,1499465,944574,531077,256131,48248,1460,0.0
Burundi,2018,11493476,410479.0,2056457,5462494,7460083,5754656,6030971,5329567,408614.0,1645978.0,1904995,1501042,1103644,1771992,1482149,789309,441585,289651,122295,28862,1484,11.0
Cambodia,2018,16025242,328817.0,1659062,4837527,7611894,10422128,11187653,10320817,330653.0,1330245.0,1626959,1551506,1422456,2798895,2514026,1609094,1546887,864967,327712,95585,8031,62.0
Cameroon,2018,25076752,878934.0,4098605,10774562,15686783,13606409,14302053,12676247,848986.0,3219671.0,3568315,3107642,2628849,4319928,3126898,1966315,1188751,643436,325142,94072,8662,137.0
Canada,2018,37035260,375442.0,1937105,5957842,10496509,24722864,31068472,29862954,382507.0,1561663.0,2030612,1990125,2102953,5005960,5069864,4788425,5303613,4492140,2732096,1270538,302882,8945.0
Cape Verde,2018,571209,10320.0,52056,159164,272436,382060,412013,380051,10566.0,41736.0,53498,53610,54489,116813,91515,58304,46080,23753,11491,8370,1198,32.0
Cayman Islands,2018,64904,791.0,4195,11132,18441,49233,53770,51957,827.0,3404.0,3863,3074,3146,9446,12411,12412,9137,4558,1970,606,84,2.0
Central African Republic,2018,5094795,199301.0,914166,2475058,3562918,2498721,2619736,2234033,186587.0,714865.0,834108,726784,617463,807440,453067,297736,236177,146914,49890,10582,467,1.0
Chad,2018,15604213,646437.0,2992688,7502304,10517754,7785176,8101878,7076007,614824.0,2346251.0,2478135,2031481,1652325,2478051,1619113,1147790,679569,348292,140503,34044,2191,31.0
Chile,2018,18701452,224016.0,1175915,3572469,6297219,12909544,15126338,14385058,229412.0,951899.0,1223327,1173227,1265983,3024819,2840276,2566271,2283734,1680532,924291,441035,99397,2645.0
China,2018,1417069400,16853878.0,88891210,260606880,427163650,993782300,1156434800,1108832100,18200252.0,72037330.0,89635310,82080360,79819810,199880270,214792960,223686300,194340140,146260270,67315700,27084496,3254925,27708.0
Colombia,2018,49276970,726355.0,3646480,11244835,19802096,34124176,38030940,35539092,728921.0,2920125.0,3694846,3903509,4199028,8640222,7609296,6210737,5457483,3508988,1733981,603738,67468,1190.0
Comoros,2018,776322,23006.0,111138,302062,455218,441142,474259,424981,22509.0,88132.0,102087,88837,81039,133110,96610,67253,47852,28473,15626,4077,219,1.0
Congo,2018,5441061,170565.0,838979,2287080,3264571,3013039,3153976,2823488,168288.0,668414.0,798454,649647,528950,853155,708971,514800,314588,153059,62070,17050,1333,5.0
Cook Islands,2018,17276,292.0,1466,4278,6845,11218,12998,12172,295.0,1174.0,1443,1369,1343,2370,2068,2236,2336,1559,803,256,27,0.0
Costa Rica,2018,5040738,68548.0,350639,1086805,1881136,3471414,3953786,3726135,69295.0,282091.0,368436,367730,385696,833847,805826,643547,582258,389984,215622,86244,10762,147.0
Cote d'Ivoire,2018,25493990,851027.0,4006538,10901598,16077298,13983885,14592236,12836234,820769.0,3155511.0,3643698,3251362,2841836,4290387,3131813,2182712,1174201,613827,264918,83161,9381,156.0
Croatia,2018,4160488,36979.0,187485,593013,1048941,2709113,3567153,3446427,36930.0,150506.0,205802,199726,211209,492558,560541,548451,593300,567910,367148,199961,26075,322.0
Cuba,2018,11328243,115739.0,596435,1823776,3228218,7806523,9502105,9088211,115507.0,480696.0,630011,597330,700793,1509379,1410749,1774351,1819600,1119834,771972,326856,68571,2362.0
Curacao,2018,184734,1865.0,10139,34388,63068,125048,150342,142279,1862.0,8274.0,11399,12850,13464,29007,21845,23120,26397,20600,11827,3696,386,4.0
Cyprus,2018,1218834,13275.0,67134,195526,339292,857902,1023211,985286,13568.0,53859.0,66311,62081,64876,184257,222572,173526,149998,115676,75299,31782,5225,97.0
Czechia,2018,10534598,111349.0,553010,1656679,2642929,6829807,8877288,8594853,111278.0,441661.0,573392,530277,468492,1183350,1498435,1677540,1312700,1369604,939359,366120,61688,631.0
Democratic Republic of Congo,2018,87087350,3528825.0,16214673,40363670,57077140,44087880,46723588,41131236,3362012.0,12685848.0,13324239,10824760,8994749,14022656,9263155,6148445,4212055,2519634,1250927,294190,17776,95.0
Denmark,2018,5766689,60650.0,298973,952210,1681858,3686804,4813349,4609217,61259.0,238323.0,315538,337699,345202,767222,671898,764630,795743,664204,544647,216005,43798,1130.0
Djibouti,2018,1057204,23421.0,114723,340464,548462,670840,716739,648759,23089.0,91302.0,111872,113869,110234,187580,152289,120439,75762,43392,21515,5191,337,1.0
Dominica,2018,70840,911.0,4495,14608,26929,49699,56229,52782,898.0,3584.0,4816,5297,5891,12679,10081,9264,8718,5294,2948,1215,139,3.0
Dominican Republic,2018,10765532,207448.0,1031003,3032033,4975762,7027162,7732581,7139974,206014.0,823555.0,1023759,977271,981539,1873766,1561774,1252371,996288,618005,297485,130095,21258,918.0
East Timor,2018,1261850,31781.0,157204,470234,744102,722621,791610,699575,31624.0,125423.0,153339,159691,149468,225821,145515,102834,72165,53434,33724,7698,951,6.0
Ecuador,2018,17015672,298046.0,1507080,4673858,7762488,11112459,12340782,11408610,297801.0,1209034.0,1603019,1563759,1555253,2993881,2546474,1968923,1486813,1009126,540659,206198,33455,1032.0
Egypt,2018,103740770,2517363.0,12938775,34687972,52687384,64340132,69052480,63425280,2525855.0,10421412.0,11714468,10034729,9255441,17417636,15642365,11175790,8043740,4795284,2074616,602975,44635,310.0
El Salvador,2018,6276340,103566.0,542813,1681396,3007957,4100736,4594480,4210252,105597.0,439247.0,565103,573480,659718,1217297,814817,690160,520845,361786,222710,91653,15494,464.0
Equatorial Guinea,2018,1502102,46514.0,221455,584527,831868,870575,917541,845800,45093.0,174941.0,202716,160356,119851,265706,226804,139763,91085,47952,19596,6004,780,34.0
Eritrea,2018,3445380,97329.0,483992,1432008,2152694,1877723,2013371,1769350,96428.0,386663.0,484267,463749,393045,568467,374826,280359,194581,117229,67184,16892,788,1.0
Estonia,2018,1322146,14096.0,70392,216355,342704,845591,1105659,1068701,14056.0,56296.0,75018,70945,60705,156409,190431,181367,172064,161735,109470,63030,10448,132.0
Eswatini,2018,1160430,29169.0,145508,421543,653908,695792,738878,665025,29046.0,116339.0,142611,133424,120679,222426,168430,94482,65298,43805,18628,4612,518,9.0
Ethiopia,2018,111129440,3504722.0,16523647,45653496,69182480,62067690,65475710,57706890,3393985.0,13018925.0,15048078,14081771,12609271,20106854,13132464,8628844,5736658,3259636,1594721,382358,24907,231.0
Europe (UN),2018,745359100,7427380.0,39266350,118979570,197680030,488725120,626277100,603637100,7756463.0,31838972.0,40786188,38927028,38016360,88990980,105345224,104236030,104565910,89469090,58103690,31632830,5917016,102448.0
Falkland Islands,2018,3674,42.0,222,669,1058,2619,3005,2888,41.0,180.0,226,221,190,446,559,677,588,263,183,90,9,0.0
Faroe Islands,2018,50978,711.0,3477,10545,17145,31448,40423,38234,699.0,2766.0,3413,3655,3534,6143,5811,6397,6667,5665,3964,1838,404,10.0
Fiji,2018,919002,18433.0,93794,272851,427824,598754,646146,598683,18661.0,75361.0,92314,86743,77909,153955,142888,104192,87690,52564,21464,5115,369,5.0
Finland,2018,5515465,49131.0,273118,886357,1506520,3437036,4628250,4452408,52243.0,223987.0,309547,303692,296108,678637,704446,659349,733602,731015,527263,248248,49582,858.0
France,2018,64277812,692952.0,3609795,11464214,18914756,39758624,52796504,50433260,702461.0,2916843.0,3919423,3934996,3901694,7199079,7969163,8417013,8352976,7758035,5198524,3166794,833226,17093.0
French Guiana,2018,276659,7125.0,33428,90924,140055,171439,185733,169184,6926.0,26303.0,28768,28728,26969,40269,36480,34000,24876,15111,6086,1750,192,2.0
French Polynesia,2018,297615,4101.0,21350,68021,112932,204461,229577,215265,4170.0,17249.0,23519,23152,23416,45176,46604,39859,36536,21954,11862,3692,478,17.0
Gabon,2018,2192013,61846.0,302475,802921,1194233,1303741,1389037,1266392,61244.0,240629.0,272649,227797,200550,382118,329325,216421,131510,76756,38121,12678,1558,55.0
Gambia,2018,2444916,82785.0,404375,1091675,1573182,1292542,1353234,1189905,81713.0,321590.0,369745,317555,263058,401159,279344,194131,121072,55649,29489,8581,751,7.0
Georgia,2018,3772323,54679.0,283152,771447,1212921,2462245,3000782,2875662,56484.0,228473.0,267109,221186,210586,511316,537003,479487,502281,404769,226710,116863,11767,94.0
Germany,2018,82896696,785206.0,3883514,11208995,19855500,53865630,71676950,69339260,797165.0,3098308.0,3651130,3674351,4050257,9835303,10550544,10553014,13444570,10187124,7770618,4499123,786402,10745.0
Ghana,2018,30870648,859051.0,4295278,11777392,17553360,18086174,19093222,17170438,854750.0,3436227.0,3961377,3520737,3102571,5203505,4440260,2825383,1863604,1075147,437507,136017,9227,34.0
Gibraltar,2018,32677,368.0,1959,5755,9592,20650,26909,25794,378.0,1591.0,1901,1895,1892,3926,4033,4316,4481,3869,2680,1372,340,13.0
Greece,2018,10633275,85191.0,457151,1525986,2636206,6808520,9105252,8774495,89709.0,371960.0,531931,536904,553585,1112958,1405417,1591985,1481963,1263952,996634,603516,95242,2037.0
Greenland,2018,55954,832.0,3999,11618,19522,39590,44336,42156,815.0,3167.0,3831,3788,3688,8859,7926,6481,9453,5187,2179,517,46,0.0
Grenada,2018,121853,2045.0001,10254,29361,48125,80994,92483,87252,2052.0,8209.0,10014,9093,9041,20941,19547,13006,13283,8867,4741,2647,410,9.0
Guadeloupe,2018,396273,4453.0,23803,76838,134551,247804,319150,301193,4577.0,19350.0,25098,27937,30054,47271,32671,52434,60583,46680,30097,15166,4194,285.0
Guam,2018,168696,2908.0,15339,45240,72291,106185,123425,115113,3050.0,12431.0,15819,14082,13887,24428,18624,20637,20745,14398,7307,2896,503,31.0
Guatemala,2018,16850176,399092.0,1997404,5822663,9418111,10243310,11026780,9886918,403050.0,1598312.0,1928543,1896716,1874230,3229698,2316923,1485860,967752,649924,335211,140988,26194,734.0
Guernsey,2018,61908,554.0,2946,9489,16614,40714,52388,50436,578.0,2392.0,3331,3212,3355,7914,7900,8583,9244,7132,5091,2580,589,31.0
Guinea,2018,12554871,426378.0,2018973,5354070,7976112,6772408,7200787,6353080,413555.0,1592595.0,1777630,1557467,1386730,2259219,1381166,882916,638546,388104,201798,58121,4187,14.0
Guinea-Bissau,2018,1924954,60012.0,293113,804645,1187473,1067842,1120301,992432,58864.0,233101.0,270252,241280,206503,327260,253221,159369,88531,56523,22283,6061,550,8.0
Guyana,2018,785518,15812.0,78138,228580,382673,512112,556901,511496,15697.0,62326.0,76163,74279,76793,143383,99353,92396,74379,43922,19105,6361,1209,37.0
Haiti,2018,11012427,260040.02,1266643,3659221,5850669,6880320,7353203,6667865,255909.0,1006603.0,1220034,1172544,1132146,2048529,1600999,1070888,755954,467821,219642,54309,2915,3.0
High-income countries,2018,1235045600,12798729.0,66215680,204758100,350564100,809508000,1029963500,988209200,13121870.0,53416950.0,69176800,69365610,70540090,157131120,169505300,172271900,166230610,139477470,94656940,49392650,10757449,324029.0
Honduras,2018,9792854,211036.0,1042112,3153457,5210155,6259345,6639367,5992785,209328.0,831076.0,1042867,1068478,1070207,1865413,1473370,1011329,617014,387744,162946,47227,4117,30.0
Hong Kong,2018,7481563,69091.0,327323,901423,1625094,5284643,6575791,6406732,74578.0,258232.0,305402,268698,297926,923184,1142922,1133541,1240504,978041,486589,299029,74055,4349.0
Hungary,2018,9776361,93447.0,467004,1421888,2480341,6482929,8353931,8062476,94674.0,373557.0,463846,491038,488197,1197701,1308586,1567267,1212782,1318342,830536,372486,58034,542.0
Iceland,2018,352951,4161.0,21252,67626,115368,235445,285281,272348,4122.0,17091.0,23733,22641,21933,54549,50438,45026,43887,35907,21159,10261,2121,44.0
India,2018,1369003300,23581330.0,119121976,370831170,623163840,912553700,998142100,920259500,23693076.0,95540640.0,124645760,127063430,128689820,241113040,208106510,163903120,123921464,82088490,36722890,12172201,1424518,30085.0
Indonesia,2018,267066850,4524618.0,23163588,69982900,113685544,179835740,197082540,183878540,4570807.0,18638968.0,23955598,22863708,21977652,42581720,41519708,36523280,27811396,15975175,8078092,2440940,174588,1399.0
Iran,2018,85617560,1507424.0,7721189,20639088,32311156,59397336,64978060,61651000,1558270.0,6213765.0,6905338,6012561,5551088,14288106,17001478,11312820,8128256,5476062,2374901,775444,69906,412.0
Iraq,2018,40590700,1126726.0,5741951,15933330,23996400,23326514,24657302,22061048,1127985.0,4615225.0,5490843,4700536,4254088,7096042,5111665,3858416,2308464,1265259,597082,155619,10666,70.0
Ireland,2018,4834506,61588.0,316662,1002983,1604471,3157480,3831056,3640989,62713.0,255074.0,353691,332630,313919,574856,728063,713714,580855,456830,305748,131628,25443,467.0
Isle of Man,2018,83792,744.0,3899,13090,22113,52857,70650,67982,757.0,3155.0,4662,4529,4525,8954,9576,11531,12908,10509,8112,3671,864,52.0
Israel,2018,8456487,175379.0,879366,2390778,3654396,5092167,6064168,5661975,179226.0,703987.0,796862,714550,660005,1186145,1133291,1002171,764477,669356,396816,202624,49283,1541.0
Italy,2018,59877430,443033.0,2376559,7937415,13775679,38310668,51926028,50218972,463091.0,1933526.0,2721881,2838975,2876573,6157847,7039848,9240235,9211417,7286462,5889915,3484514,739216,13989.0
Jamaica,2018,2811842,34584.0,184738,615717,1127017,2008631,2196099,2057702,36027.0,150154.0,204439,226540,238584,535689,464539,360405,304886,174075,88857,26246,2818,26.0
Japan,2018,126255870,882453.0,4779666,15454490,27414124,74311340,110686696,107201304,924831.0,3897213.0,5232290,5442534,5879174,12237370,14369973,18535854,15794871,16852346,15360417,9172952,2483739,114683.0
Jersey,2018,105387,1056.0,5190,15842,28208,72837,89514,86289,1036.0,4134.0,5356,5296,5610,14364,15665,15564,15712,10984,7268,3593,754,31.0
Jordan,2018,10459864,237108.0,1195345,3548850,5552194,6558044,6910984,6303206,235482.0,958237.0,1228339,1125166,998472,1923448,1515587,1157186,747500,358116,159576,47568,3531,30.0
Kazakhstan,2018,18538100,392712.0,1964485,5283760,7689547,11865890,13254207,12550210,392365.0,1571773.0,1830515,1488760,1161076,2760309,2855950,2262559,2023752,1396956,566239,209413,17953,134.0
Kenya,2018,49953300,1393613.0,6824317,20019706,30123854,28585928,29929664,26519128,1382784.0,5430704.0,6782207,6413182,5485054,8781110,6709657,4300461,2561890,1252722,578731,216969,43070,3930.0
Kiribati,2018,122276,3349.0,16386,43960,67087,73950,78316,71634,3292.0,13037.0,15352,12222,11440,22241,17112,11238,9364,4550,1977,362,32,0.0
Kosovo,2018,1709966,20800.0,114420,407256,719871,1148517,1302606,1199439,21236.0,93620.0,142693,150143,166905,282716,239469,218377,174764,117852,70229,27383,4911,104.0
Kuwait,2018,4317190,56984.0,304667,912786,1369319,3268653,3404393,3261286,59022.0,247683.0,328486,279633,234883,448484,961905,983176,511296,199677,50676,13327,969,11.0
Kyrgyzstan,2018,6223503,164781.0,811095,2099331,3169193,3872201,4124155,3822084,162200.0,646314.0,725749,562487,507588,1156984,891902,616436,521161,293960,88343,43736,4045,17.0
Land-locked developing countries (LLDC),2018,512657920,15773546.0,75667090,205167700,305817900,289603420,307486820,274483650,15374213.0,59893540.0,68466904,61033704,53560770,88518190,64160028,43019536,29957540,17908842,7857878,2308727,195321,3410.0
Laos,2018,7105008,160108.0,785249,2276319,3704602,4533535,4828347,4391945,159043.0,625141.0,752323,738747,730664,1350233,1049350,718103,512398,292409,128299,41040,5851,342.0
Latin America and the Caribbean (UN),2018,641303740,10170271.0,51630610,157390320,265674270,430290270,483874560,451484500,10230308.0,41460340.0,52635650,53124068,54187450,106787910,97646380,81393560,65447100,44168500,23700592,9159120,1383955,38834.0
Latvia,2018,1935632,19258.0,104232,300487,479694,1233508,1634872,1580987,20765.0,84974.0,96953,99302,90515,215692,263834,261874,272257,240928,177352,96598,15822,273.0
Least developed countries,2018,1023493760,31459572.0,149637580,406923360,610349600,580784000,616566460,549443200,30549342.0,118178020.0,134776320,122509440,108877710,176172100,128466664,87878030,58725924,35602452,16244247,4269809,329561,3939.0
Lebanon,2018,5950842,96262.0,530971,1605864,2576934,3835216,4344857,4039993,102274.0,434709.0,554786,520107,503718,903472,829793,726674,631631,426842,218909,92143,11675,121.0
Lesotho,2018,2198030,57105.0,274546,760543,1204008,1345995,1437453,1300487,55512.0,217441.0,251334,234663,225548,425243,321287,186471,136734,87125,38862,14339,1844,34.0
Less developed regions,2018,6413056500,124754720.0,620770800,1792573300,2857471200,4167349800,4620314000,4291991000,124981020.0,496016100.0,603510600,568291900,541819900,1048305500,940427100,785330400,615553300,415236200,194948210,70211890,8481867,168675.0
"Less developed regions, excluding China",2018,4964128300,107626020.0,530463330,1527874600,2422452500,3150421000,3436123000,3156345000,106491570.0,422837300.0,512533900,484877400,460328350,844124740,720492200,556720830,416281340,265165940,125761950,42216880,5030484,130767.0
"Less developed regions, excluding least developed countries",2018,5389562400,93295144.0,471133250,1385649900,2247121700,3586565600,4003747800,3742547700,94431680.0,377838080.0,468734270,445782460,432942240,872133400,811960400,697452400,556827300,379633730,178703970,65942080,8152305,164737.0
Liberia,2018,4889396,152119.0,733438,2058880,3004257,2664005,2830515,2503252,147695.0,581319.0,696752,628690,525371,768137,600636,428136,255011,151979,81737,18655,853,1.0
Libya,2018,6477791,124728.0,641128,1970647,3081841,4197568,4507102,4146178,126671.0,516400.03,673190,656329,588255,997552,1007349,926961,539188,251918,142552,48651,4676,42.0
Liechtenstein,2018,38205,375.0,1831,5640,9876,25836,32563,31394,372.0,1456.0,1907,1902,2001,4542,4857,5707,6208,4703,3152,1169,224,2.0
Lithuania,2018,2876128,28857.0,150880,428085,735079,1874438,2447503,2367506,30055.0,122023.0,146536,130669,141716,360842,362149,388831,434284,343728,247022,143550,25381,540.0
Low-income countries,2018,661256600,22415980.0,106009180,283790900,416195840,356983330,377463040,333099230,21676046.0,83593210.0,94594184,83187540,71631500,111488050,76778344,51600270,33937140,19874766,9556344,2419688,176931,2636.0
Lower-middle-income countries,2018,3269580500,68503464.0,339677630,991774000,1584667100,2093600900,2277756000,2091967900,68017100.0,271174140.0,333070980,319025400,305390180,560453900,482133440,369702270,274460100,176187470,80451220,26189668,2787652,50641.0
Luxembourg,2018,607920,6247.0,32435,97875,168926,422796,509969,490502,6377.0,26188.0,33074,32366,33140,83319,94709,91933,86807,59333,36834,20127,3767,76.0
Macao,2018,650996,7851.0,36422,88489,168700,494276,562382,545029,7648.0,28571.0,28932,23135,32627,109754,118335,93973,99222,68059,25102,12512,2798,125.0
Madagascar,2018,26846544,827969.0,3938780,10834334,16314997,15181095,16012163,14239133,807653.0,3110811.0,3626354,3269200,2900002,4706931,3198574,2360986,1493023,902255,341802,101047,7543,48.0
Malawi,2018,18367886,601641.0,2918729,8229030,11967212,9596190,10137836,8847458,587758.0,2317088.0,2779729,2530572,2064325,3076227,2297196,1260873,683500,384219,257068,97482,16946,1020.0
Malaysia,2018,32399270,517630.0,2622175,7766141,13432160,22521050,24631740,22985730,522297.97,2104545.0,2511536,2632430,2769106,5921110,5524899,3996617,3140880,2028597,936990,276504,37037,1389.0
Maldives,2018,489773,7601.0,38636,108004,186871,361131,381739,363557,7699.0,31035.0,37878,31490,32346,109216,110564,59882,37877,17791,9447,4088,528,30.0
Mali,2018,19934304,806686.0,3730249,9555272,13360388,9867657,10379031,9040187,770545.0,2923563.0,3168272,2656751,2129272,3077058,2229183,1383947,773598,492471,245365,46766,1371,0.0
Malta,2018,491590,4551.0,23177,65920,121325,333275,425562,413071,4643.0,18626.0,22064,20679,22337,77076,80451,64304,59358,58179,42229,18524,3104,108.0
Marshall Islands,2018,46012,1007.0,5361,16394,23698,28103,29618,27202,1038.0,4354.0,6002,5031,4045,6509,7204,5350,3677,2177,525,118,13,0.0
Martinique,2018,374843,3695.0,19493,64256,111782,235507,310444,295330,3794.0,15798.0,20873,23890,25064,39658,33197,49452,62066,48545,31448,17204,3810,143.0
Mauritania,2018,4270717,139009.0,658370,1838012,2669032,2288831,2432671,2152737,134453.0,519361.0,634639,545003,450145,701257,492432,339273,227474,134803,64290,20315,2682,34.0
Mauritius,2018,1295386,13431.0,67109,233070,427456,922301,1062218,1004290,13419.0,53678.0,75697,90264,96382,198045,190833,180595,183065,131021,57150,21399,3728,98.0
Mayotte,2018,282968,10531.0,48830,126203,172896,148936,156763,139149,10241.0,38299.0,40788,36585,26889,41009,34908,26255,15248,8009,3185,1106,154,2.0
Mexico,2018,124013864,2028545.0,10533454,32485134,53960000,82019096,91517720,84924024,2075596.0,8504909.0,10970255,10981425,10918313,20621744,18277076,15898395,11937533,7685841,4059065,1748487,371268,11008.0
Micronesia (country),2018,110945,2308.0,11489,35451,58847,70042,75494,68382,2297.0,9181.0,11895,12067,12039,20656,13108,10803,9536,6568,2184,554,46,0.0
Moldova,2018,3141839,42808.0,226124,604503,978992,2141043,2537230,2437070,44877.0,183316.0,199556,178823,168926,458878,501920,391266,414351,383370,147631,63076,7812,106.0
Monaco,2018,37050,334.0,1666,4558,7717,19386,32092,31165,337.0,1332.0,1502,1390,1589,3060,3188,3641,5260,5031,4625,3741,1957,400.0
Mongolia,2018,3163994,77475.0,391410,984223,1451331,2052769,2179739,2045042,77528.0,313935.0,346822,245991,228150,528763,516187,400198,294322,134563,56336,19145,2075,32.0
Montenegro,2018,631459,7574.0,38292,115276,197848,420369,516100,491749,7695.0,30718.0,39079,37905,40424,83948,90473,82857,82529,73852,40099,19676,2242,83.0
Montserrat,2018,4381,42.0,143,621,1284,3064,3759,3570,35.0,101.0,199,279,333,540,480,686,734,583,307,83,13,1.0
More developed regions,2018,1270733400,12935309.0,67889620,208863250,351699940,825570700,1061563000,1020124800,13395819.0,54954310.0,70814104,70159530,69578400,155975820,173616830,173354050,173294540,151302780,100355890,52987650,11097038,307246.0
Morocco,2018,35927516,670100.0,3397328,9872743,15804136,23685422,26054662,24254894,671432.0,2727228.0,3366865,3108550,2987111,5890032,5477324,4448123,3514035,2382528,1038621,294763,22126,109.0
Mozambique,2018,29423882,1052761.0,4930572,13022084,18960114,15643165,16401760,14405948,1009545.0,3877811.0,4383343,3708169,3227215,4971505,3324044,2280684,1362743,818510,339962,72609,4488,37.0
Myanmar,2018,52666016,913837.0,4506997,13518635,22648248,35951010,39147332,36345772,909284.0,3593160.0,4449349,4562289,4616666,8897071,8290980,6931175,5288615,3323734,1381423,392564,25104,50.0
Namibia,2018,2405682,67981.0,329115,871777,1347728,1439968,1533838,1390986,66885.0,261134.0,292999,249663,239734,463737,311000,226040,149474,88101,41208,12619,1925,67.0
Nauru,2018,11949,351.0,1763,4656,6804,7060,7293,6646,352.0,1412.0,1626,1267,1070,2107,1825,1069,757,360,84,21,0,0.0
Nepal,2018,28506718,587615.0,2939901,8956300,15086904,17879136,19550360,17600296,587775.0,2352286.0,2910066,3106333,3221738,5256927,3639594,2796236,2116976,1536781,781130,189125,11852,59.0
Netherlands,2018,17286042,170181.0,869743,2755741,4891642,11251897,14528141,13903448,172964.0,699562.0,925326,960672,1058223,2201199,2109374,2291743,2503046,2084741,1492375,663775,123665,2160.0
New Caledonia,2018,284887,4256.0,21856,66147,108356,191040,218670,205110,4293.0,17600.0,22457,21834,22432,40816,42258,40809,32957,21142,12691,4769,796,70.0
New Zealand,2018,4838528,59577.0,305170,947007,1593650,3163927,3890220,3704579,60235.0,245593.0,329300,312537,311995,696816,636153,628590,624542,498817,321626,141913,29768,1301.0
Nicaragua,2018,6572234,140918.0,701008,2040425,3347380,4215420,4531789,4138431,140613.0,560090.0,681846,657571,655735,1255576,972896,710745,459310,285413,140354,48776,2984,20.0
Niger,2018,22577060,986001.0,4463897,11068328,15379829,10961992,11508727,10002978,935203.0,3477896.0,3624752,2979679,2403367,3404906,2267985,1506702,1028032,593454,256838,46059,1384,6.0
Nigeria,2018,198387620,7109073.0,33216786,87078850,125038696,105337710,111308616,98324170,6800463.0,26107712.0,29018720,24843340,20781038,31578826,23398448,15949710,10123829,6038188,2800427,606690,31458,161.0
Niue,2018,1907,25.0,147,515,722,1131,1392,1314,28.0,122.0,188,180,123,177,228,259,224,210,121,50,0,0.0
North Korea,2018,25638152,340736.0,1675218,4930738,8729742,17957178,20706988,19628606,338498.0,1334482.0,1575755,1679765,1827575,3927869,3510419,3918499,3520690,2058972,1456961,450482,35521,425.0
North Macedonia,2018,2113497,21816.0,114243,347099,629901,1474330,1766369,1685826,22523.0,92427.0,117424,115432,134520,304864,326833,293991,284039,239427,130971,47594,4130,29.0
Northern America (UN),2018,369300740,4261834.0,21965836,68791040,117090696,242996200,300425180,286165440,4343636.0,17704002.0,22862628,23962576,23879778,50433120,49680696,46690988,49250830,41914588,24854388,11242194,2478595,84513.0
Northern Mariana Islands,2018,50328,638.0,3404,11569,18675,35172,38759,37006,651.0,2766.0,4475,3690,3083,7331,3942,8127,9460,5094,1381,312,29,0.0
Norway,2018,5312321,56184.0,297242,937032,1600127,3467556,4374289,4185458,58813.0,241058.0,321885,317905,321265,713224,712905,731965,686232,574588,410769,179560,43781,1000.0
Oceania (UN),2018,42539676,681756.0,3441459,10051876,16351913,27383554,32482020,30658520,685563.0,2759703.0,3414516,3195901,3065615,6545693,6005603,5226864,4622085,3557741,2243240,991986,223194,5778.0
Oman,2018,4601160,86442.0,433324,1058710,1674278,3424796,3542429,3399829,86669.0,346882.0,356959,268427,236993,1054677,1207207,584016,270147,117786,53424,16584,1595,21.0
Pakistan,2018,219731490,5994303.0,29299732,83180460,127678940,127651890,136550980,121906856,5868764.0,23305428.0,28154932,25725798,23808260,38702388,27200856,18574408,14230188,8721421,4231120,1030837,51508,41.0
Palau,2018,17887,252.0,1209,3689,6176,12687,14198,13479,238.0,957.0,1244,1236,1224,2421,2588,2902,2604,1619,661,166,13,0.0
Palestine,2018,4805549,143148.0,708836,1920692,2895222,2726523,2884846,2574478,143493.0,565688.0,645371,566485,506733,887378,596229,385293,263666,150800,72387,20870,1490,11.0
Panama,2018,4165258,77832.0,391242,1135932,1819681,2699519,3028794,2818869,78201.0,313410.0,381788,362902,347843,662250,606294,525264,410589,261026,144710,59209,11609,532.0
Papua New Guinea,2018,9329233,241322.0,1178254,3319923,5155162,5738061,6009267,5424770,237647.0,936932.0,1108790,1032879,957539,1682171,1319787,958815,634310,308563,120091,25747,2244,43.0
Paraguay,2018,6443337,137563.0,674840,1910813,3136683,4150983,4532139,4167604,136815.0,537277.0,626617,609356,611313,1197002,954810,676658,528349,322620,169427,60868,11092,385.0
Peru,2018,32203946,575833.0,2877511,8843146,14280357,20759622,23359634,21705840,572686.0,2301678.0,3004186,2961449,2746192,5332429,4741954,3920531,2895164,2026702,1164140,471225,61296,1167.0
Philippines,2018,108568830,2377512.0,11710115,34305750,54754664,68903784,74261760,67913070,2348519.0,9332603.0,11507150,11088485,10524552,19034944,15199227,12101062,8867462,5440606,2306477,710470,76962,1320.0
Poland,2018,38521464,388532.0,1910794,5856526,9870796,26017004,32662118,31574982,399642.0,1522262.0,2039825,1905907,1851376,4800497,6261768,5445403,4868472,5178496,2608304,1410446,237356,2820.0
Portugal,2018,10289833,86612.0,428019,1415727,2508041,6639325,8871975,8545171,86926.0,341407.0,474685,513023,554320,1086399,1279293,1577820,1477568,1282929,955530,555851,102265,2131.0
Puerto Rico,2018,3319269,24501.0,141577,488734,902446,2152946,2828325,2708492,27463.0,117076.0,165546,181611,204202,413218,395663,438076,472699,436478,310317,128732,28940,2210.0
Qatar,2018,2766743,28553.0,145307,387189,743435,2348304,2379553,2329230,28671.0,116754.0,135901,105981,89446,725302,871735,446219,179886,51350,11815,3541,259,1.0
Reunion,2018,941189,14633.0,74684,227323,365538,605741,713647,667492,14855.0,60051.0,76090,76549,75702,119432,111777,124977,126044,85416,45691,20625,3983,219.0
Romania,2018,19606778,212525.0,1039148,3127282,5203102,12960065,16478950,15860858,214165.0,826623.0,1033924,1054210,1041750,2243475,2772509,3132302,2433025,2516518,1469187,777244,92940,547.0
Russia,2018,145652290,1646296.0,9193676,25644420,39840624,98829510,119999970,115806980,1790225.0,7547380.0,8846678,7604065,6877094,18026568,24259204,19994900,19941164,17539934,8236815,4485800,638491,7899.0
Rwanda,2018,12531810,376707.0,1799258,5030950,7530721,7123250,7500558,6657787,367360.0,1422551.0,1654558,1577134,1348235,2198754,1747625,939968,650641,397300,157321,53975,6739,302.0
Saint Barthelemy,2018,10281,88.0,510,1515,2581,7780,8766,8523,104.0,422.0,525,480,396,1643,1802,1870,1600,788,447,188,32,0.0
Saint Helena,2018,5494,44.0,256,760,1211,3449,4734,4598,49.0,212.0,255,249,229,516,582,780,953,838,597,203,36,0.0
Saint Kitts and Nevis,2018,47787,622.0,3163,9773,17058,33996,38010,35946,631.0,2541.0,3293,3317,3585,7562,7660,6526,6151,4035,1595,727,169,4.0
Saint Lucia,2018,177894,2115.0,10619,34276,64668,128368,143616,135313,2122.0,8504.0,11167,12490,14228,31955,27960,25070,21747,12779,6962,2621,294,2.0
Saint Martin (French part),2018,33879,527.0,2527,8299,12235,22631,25577,24008,467.0,2000.0,2683,3089,2246,3648,4463,5376,5129,3090,1213,340,72,3.0
Saint Pierre and Miquelon,2018,5969,50.0,292,1042,1566,3919,4927,4697,57.0,242.0,369,381,333,482,712,1031,965,700,433,228,43,0.0
Saint Vincent and the Grenadines,2018,105297,1459.0,7912,23956,40469,70537,81322,76535,1529.0,6453.0,8296,7748,8061,16200,14805,13702,12875,8427,4508,2283,461,19.0
Samoa,2018,209715,5869.0,29331,80057,118027,119477,129657,117251,5878.0,23462.0,27338,23388,20103,33033,23456,21186,16098,9538,4569,1497,177,1.0
San Marino,2018,34179,220.0,1382,4797,8144,22853,29373,28327,250.99998,1162.0,1717,1698,1736,3234,4027,5881,5835,3978,2763,1567,352,9.0
Sao Tome and Principe,2018,211358,6184.0,31119,87787,127237,115750,123571,109482,6168.0,24935.0,29205,27463,22252,31668,26855,18946,12122,6662,3533,1424,109,0.0
Saudi Arabia,2018,35018132,644419.0,3188711,9215710,14531500,24999580,25802230,24152122,633375.0,2544292.0,3172934,2854065,2671780,5708675,6593526,6315715,3032495,991309,340535,132416,15779,194.0
Senegal,2018,15574910,511303.0,2463455,6630331,9670245,8451770,8944578,7924340,498767.0,1952152.0,2232486,1934390,1647950,2607600,1925477,1245869,762211,460585,236061,56877,1948,1.0
Serbia,2018,7433825,69573.0,351997,1047372,1844197,4882785,6386227,6146440,69915.0,282424.0,352108,343267,375925,876996,1044382,1078047,1009397,995360,664996,307208,33916,226.0
Seychelles,2018,103120,1732.0,8476,24093,38913,71584,79023,74978,1743.0,6744.0,8269,7348,6775,16305,16588,15269,12436,6879,3157,1379,235,4.0
Sierra Leone,2018,7861287,244464.0,1151863,3189605,4791041,4424987,4671671,4136531,233466.0,907399.0,1070710,967032,865632,1355250,963234,661451,435543,245682,117603,25759,1517,11.0
Singapore,2018,5814543,50209.0,236856,709801,1446376,4449849,5103955,4935508,50041.0,186647.0,230313,242632,312819,856358,913463,972743,965592,724837,236385,103503,18255,787.0
Sint Maarten (Dutch part),2018,42268,245.0,973,6062,16069,32981,36203,33239,210.0,728.0,1844,3245,5192,5698,693,8557,9981,4572,1362,137,11,3.0
Slovakia,2018,5446746,58621.0,289868,854004,1431295,3732797,4592602,4437022,59306.0,231247.0,293130,271006,267349,694494,868766,822810,713228,681111,366759,154710,23375,140.0
Slovenia,2018,2105931,20594.0,105628,318682,521903,1382398,1787049,1730375,20895.0,85034.0,113255,99799,96255,229231,301394,305058,304263,275165,167800,91587,16296,200.0
Small island developing states (SIDS),2018,71869590,1269368.0,6313214,18552682,30543740,47448828,53309500,49700410,1263466.0,5043846.0,6229081,6010387,6024921,11827257,10301173,8883654,7628307,4916191,2565349,986812,175837,7405.0
Solomon Islands,2018,659259,20197.0,98674,263600,389951,372851,395657,353996,19980.0,78477.0,88126,76800,67717,108703,83389,62510,38839,20688,10547,2936,328,2.0
Somalia,2018,15411101,646620.0,2947105,7328397,10383434,7685107,8082684,7042538,612213.0,2300485.0,2388867,1992425,1673506,2392691,1634290,1044219,693246,429573,171411,41118,2630,20.0
South Africa,2018,57339630,1165418.0,5722926,16445882,26064464,37537016,40890880,38220160,1125268.0,4557508.0,5633196,5089760,4507269,10798927,9725731,6061856,4937873,2794709,1482068,487546,94900,2870.0
South Korea,2018,51676900,350865.0,2021212,6593786,12947586,37614104,45075228,43472750,382849.0,1670347.0,2296686,2275888,2859471,6960348,7452708,8466914,8473037,5762961,3381346,1500136,218308,7886.0
South Sudan,2018,10395332,313877.0,1741069,4870162,6694537,5246455,5525160,4786454,336419.0,1427192.0,1709348,1419745,1129660,1282076,1120928,962611,571512,301050,132110,24859,354,10.0
Spain,2018,46792044,382286.0,2086916,6954391,11527165,30810428,39826364,38436556,407152.0,1704630.0,2390458,2477017,2297933,4793574,6334719,7768231,6855280,5166889,3741823,2357782,510132,11290.0
Sri Lanka,2018,21580712,320170.0,1656067,5230426,8510333,14176085,16349606,15311560,324586.0,1335897.0,1766010,1808349,1694188,3095215,3108958,2760502,2484923,1907072,964545,299725,34478,679.0
Sudan,2018,41999064,1413978.0,6653608,17357428,25613060,23331284,24641504,21954204,1370401.0,5239630.0,5797788,4906032,4382248,7307135,5450433,3146861,2161307,1513355,544132,123039,12993,131.0
Suriname,2018,593729,10859.0,53946,163028,266302,390605,430666,397811,10804.0,43087.0,53957,55125,54387,93601,85886,73496,62446,35571,17655,6635,989,35.0
Sweden,2018,10162300,116293.0,599420,1799697,2959262,6342173,8360561,8032018,119354.0,483127.0,614396,585881,548235,1346507,1309630,1296784,1276679,1118903,948309,419711,95803,2042.0
Switzerland,2018,8514431,85921.0,435954,1276717,2191459,5674234,7236223,6986988,87758.0,350033.0,428491,412272,428630,1057172,1207431,1210108,1273420,926226,696091,360380,76765,1491.0
Syria,2018,19333464,346680.0,1887973,7388855,11216439,11082875,11944538,10485839,347371.0,1541293.0,2745175,2755707,2296219,2562808,2305785,2064079,1381444,822441,379911,120559,11292,71.0
Taiwan,2018,23726186,197875.0,1052545,3101936,6061227,17367372,20618524,19862080,206982.0,854670.0,1007081,1042310,1341217,3267529,3880647,3695754,3592040,2763871,1358873,598984,119608,5727.0
Tajikistan,2018,9128131,253482.0,1265004,3336756,5057613,5508501,5791354,5259609,252681.0,1011522.0,1136138,935614,875261,1672624,1272755,831062,654505,326567,108374,46009,4197,21.0
Tanzania,2018,58090444,2093252.9,9836101,25788682,37001356,30500298,32301242,28407024,2026312.0,7742848.0,8441650,7510931,6225133,9206481,6998086,4482685,2631004,1696012,831853,206693,23295,520.0
Thailand,2018,71127810,692644.0,3659288,11792333,21276720,50371384,59311676,56734652,710625.0,2966644.0,4044670,4088375,4408977,10147854,10375272,10481721,10648923,7543218,3748270,1645696,311744,23800.0
Togo,2018,8046680,255173.0,1219320,3292584,4839132,4513947,4754096,4237668,248881.0,964147.0,1109043,964221,834187,1338546,1016781,717693,454406,263488,109207,19212,576,0.0
Tokelau,2018,1645,32.0,150,501,762,976,1144,1057,30.0,118.0,171,180,141,222,202,174,187,107,74,35,2,0.0
Tonga,2018,105167,2498.0,12839,37717,57493,61036,67449,60549,2534.0,10341.0,12742,12136,11058,15968,12674,10584,7979,4923,2999,1140,124,1.0
Trinidad and Tobago,2018,1504707,18804.0,97341,298968,496580,1060132,1205626,1147212,19154.0,78537.0,102127,99500,97305,217046,273591,204296,189861,137183,61989,20522,3833,113.0
Tunisia,2018,11933040,211889.0,1082450,2965974,4655160,8001144,8966826,8481110,215858.0,870561.0,1005457,878067,805840,1850840,1912810,1598071,1338978,844871,434362,162890,18164,240.0
Turkey,2018,82809304,1381659.0,6992744,19904280,33495816,56599990,62902664,58991960,1413517.0,5611085.0,6547138,6364397,6630857,13797611,13167847,11215010,8642879,5492184,2865708,981508,109062,2361.0
Turkmenistan,2018,6065072,141379.0,713380,1882225,2908751,3916907,4182837,3890967,142366.0,572001.0,645415,523430,492058,1099492,915403,664928,554093,312714,103434,37869,2846,10.0
Turks and Caicos Islands,2018,41516,530.0,2436,7166,12474,30416,34349,32833,513.0,1906.0,2295,2435,2563,5602,7570,7320,5525,3254,1560,795,160,1.0
Tuvalu,2018,10883,249.0,1202,3426,5332,6836,7457,6883,241.0,953.0,1203,1021,960,1883,1384,979,1206,703,254,79,9,0.0
Uganda,2018,41515400,1514008.0,7169760,19412680,28582232,21429192,22102644,19011812,1461364.0,5655752.0,6481905,5761014,4984039,7499551,4259985,2644286,1560873,819604,270929,59411,3967,76.0
Ukraine,2018,44446950,367537.0,2143461,6870285,11193606,30190988,37573724,36424172,399289.0,1775924.0,2509427,2217397,1940214,5520228,7289892,6288230,6247219,5415682,3052776,1581819,237665,2941.0
United Arab Emirates,2018,9140172,96598.0,493662,1328009,2619959,7700680,7812123,7604998,96607.0,397064.0,491811,342536,415171,2251456,2924139,1517359,505424,128768,41335,25857,2614,40.0
United Kingdom,2018,66432996,745833.0,3911082,11897055,19755896,42364000,54522400,52373040,772559.0,3165249.0,4133614,3852359,3679368,8706525,8822448,8516810,8958777,7090638,5470232,2702100,575501,13543.0
United States,2018,332140030,3884966.0,20021464,62811076,106557360,218187040,269253400,256203520,3959661.0,16136498.0,20824568,21965044,21769562,45411656,44593664,41885420,43926260,37408200,22114840,9968600,2175199,75558.0
United States Virgin Islands,2018,101377,1256.0,6495,19610,29915,62720,81762,78576,1281.0,5239.0,7003,6112,5172,10392,11621,13258,15166,13569,9355,2818,411,5.0
Upper-middle-income countries,2018,2487462700,33428184.0,173955870,512491740,844009600,1713193600,1974872300,1878671400,35006068.0,140527700.0,174570340,163965520,161140160,370469800,381288900,361396740,311212860,229029200,109629790,44869036,5835871,98539.0
Uruguay,2018,3427044,41154.0,227254,702227,1212309,2209721,2722166,2574141,44420.0,186100.0,234956,240017,249185,510809,448570,438411,394094,310096,217324,120785,32892,2651.0
Uzbekistan,2018,32449578,744288.0,3548796,9438977,14990824,21507446,23010558,21472450,715539.0,2804508.0,3161548,2728633,2583417,6075742,5184824,3734136,2932085,1650638,596661,235055,18001,42.0
Vanuatu,2018,297307,8986.0,44164,118457,172436,167844,178844,161664,8915.0,35178.0,40871,33422,27799,51535,38636,26219,17744,10046,4466,2103,296,6.0
Venezuela,2018,29825652,533226.0,2749950,8469721,13495333,19204692,21355872,19727538,545300.0,2216724.0,2859826,2859945,2653214,4642258,4220714,3624927,2944749,1931120,993798,324508,20583,60.0
Vietnam,2018,94914330,1487172.0,7525360,21847120,36178590,65704216,73061790,68891280,1495531.0,6038188.0,7290955,7030804,6879217,15745344,15626364,13090386,10204143,7097036,2861087,1344339,213876,5414.0
Wallis and Futuna,2018,11840,151.0,839,2993,4625,7453,8847,8172,163.0,688.0,1022,1132,1009,1237,1390,1804,1420,1086,642,230,29,0.0
Western Sahara,2018,532011,9379.0,46674,134586,210944,371193,397409,374613,9380.0,37295.0,46545,41367,37710,85369,104976,75638,49645,30267,11228,2346,230,16.0
World,2018,7683790000,137690030.0,688660400,2001436500,3209171200,4992920600,5681877500,5312115700,138376850.0,550970400.0,674324740,638451460,611398340,1204281300,1114043900,958684500,788847800,566538940,295304100,123199544,19578904,475921.0
Yemen,2018,30790514,951199.0,4594792,12568809,19054936,17376284,18221696,16172714,930540.0,3643593.0,4194048,3779969,3357767,5957212,4060882,2261942,1313126,750973,408348,104938,6509,8.0
Zambia,2018,17835898,615122.0,2936306,7936289,11546422,9597503,9899554,8695551,598085.0,2321184.0,2675064,2324919,1945044,3098392,2252525,1380638,718796,333006,133593,34321,3239,54.0
Zimbabwe,2018,15052191,466524.0,2283576,6291632,9385132,8264833,8760331,7689502,457587.0,1817052.0,2156068,1851988,1732035,2474502,2058928,1155537,585529,476214,208587,59700,9299,228.0
